bridge_id,bridge_name,province_id,road_id,route_code,road_class,bridge_type,main_material,length_m,width_m,span_count,completion_year,age_years,design_load,management_unit,latitude,longitude,latest_condition_class,latest_BCI,risk_level
BR0001,Qingxi Bridge 001,SC,SC-R01,G90,Expressway,Arch bridge,RC/Masonry,328.6,24.1,16,1993,33,Highway-I,County Road Office,31.895736,104.283749,2,88.1,Low
BR0002,Longhe Bridge 002,SN,SN-R09,X87,Expressway,Prestressed concrete box girder,PSC,108.5,12.0,5,1990,36,Highway-I,Expressway Maintenance Co.,33.707336,107.604007,1,96.7,Low
BR0003,Weihe Bridge 003,SC,SC-R07,X96,Expressway,Arch bridge,RC/Masonry,129.4,10.4,4,2022,4,Highway-I,County Road Office,29.597507,105.155689,1,96.8,Low
BR0004,Dongshan Bridge 004,HB,HB-R11,S61,Expressway,Arch bridge,RC/Masonry,324.6,16.1,6,1995,31,Highway-I,Provincial Highway Centre,32.339467,109.893557,4,45.0,High
BR0005,Minjiang Bridge 005,SN,SN-R04,G39,Class I Highway,Arch bridge,RC/Masonry,414.3,12.0,6,2004,22,Highway-I,Provincial Highway Centre,36.045689,107.876449,3,61.6,Medium
BR0006,Minjiang Bridge 006,SC,SC-R08,X97,Expressway,Prestressed concrete box girder,PSC,9.9,15.7,1,2016,10,Highway-I,County Road Office,32.503317,103.271433,2,77.0,Low
BR0007,Minjiang Bridge 007,HB,HB-R01,G72,Class II Highway,Simply supported T-beam,RC/PSC,11.2,15.9,1,1997,29,Highway-II,Provincial Highway Centre,28.76817,112.438251,3,61.6,Medium
BR0008,Minjiang Bridge 008,SN,SN-R04,G39,Class I Highway,Cable-stayed bridge,Steel/PSC,987.5,11.7,39,2001,25,Highway-I,County Road Office,34.465935,106.574865,2,89.4,Low
BR0009,Minjiang Bridge 009,HB,HB-R12,G77,Class II Highway,Small slab bridge,RC,44.8,32.2,1,2002,24,Highway-II,Municipal Transport Bureau,30.273036,110.452236,2,86.6,Low
BR0010,Qinling Bridge 010,HB,HB-R07,X39,Class II Highway,Prestressed concrete box girder,PSC,92.0,12.1,3,2017,9,Highway-II,County Road Office,32.352637,114.174103,2,84.6,Low
BR0011,Jialing Bridge 011,HB,HB-R02,G39,Expressway,Prestressed concrete box girder,PSC,95.9,12.3,2,2017,9,Highway-I,Expressway Maintenance Co.,31.000945,110.801253,3,62.8,Medium
BR0012,Jialing Bridge 012,SC,SC-R06,G15,Class I Highway,Simply supported T-beam,RC/PSC,151.0,31.8,7,2018,8,Highway-I,Expressway Maintenance Co.,31.603185,104.461295,2,78.8,Low
BR0013,Minjiang Bridge 013,SN,SN-R11,S97,Class I Highway,Small slab bridge,RC,10.8,24.1,1,2011,15,Highway-I,Provincial Highway Centre,31.985373,107.202163,2,76.8,Low
BR0014,Longhe Bridge 014,SC,SC-R10,X80,Expressway,Simply supported T-beam,RC/PSC,144.4,31.8,5,1998,28,Highway-I,Expressway Maintenance Co.,30.794702,104.770863,2,80.3,Low
BR0015,Jialing Bridge 015,SC,SC-R03,S68,Class I Highway,Cable-stayed bridge,Steel/PSC,766.8,8.5,12,1999,27,Highway-I,Expressway Maintenance Co.,29.231632,104.177528,4,43.5,High
BR0016,Longhe Bridge 016,SC,SC-R09,G61,Class I Highway,Prestressed concrete box girder,PSC,279.9,16.3,9,2021,5,Highway-I,County Road Office,29.135623,103.757686,2,87.4,Low
BR0017,Qingxi Bridge 017,SC,SC-R05,S66,Class II Highway,Cable-stayed bridge,Steel/PSC,871.3,10.4,17,2014,12,Highway-II,Municipal Transport Bureau,29.634065,102.711084,2,86.9,Low
BR0018,Weihe Bridge 018,SN,SN-R08,G28,Class II Highway,Continuous rigid-frame,PSC,594.7,24.2,11,2013,13,Highway-II,Expressway Maintenance Co.,36.084686,107.891137,3,62.1,Medium
BR0019,Weihe Bridge 019,SC,SC-R07,X96,Expressway,Continuous rigid-frame,PSC,281.1,11.6,14,2009,17,Highway-I,Expressway Maintenance Co.,31.305047,106.108678,2,79.7,Low
BR0020,Longhe Bridge 020,SC,SC-R09,G61,Class I Highway,Arch bridge,RC/Masonry,147.9,24.2,3,1990,36,Highway-I,Expressway Maintenance Co.,28.356239,106.269314,2,81.6,Low
BR0021,Qinling Bridge 021,HB,HB-R09,X48,Class II Highway,Prestressed concrete box girder,PSC,57.4,31.9,1,1988,38,Highway-II,Expressway Maintenance Co.,32.81208,112.977528,2,77.5,Low
BR0022,Nanhu Bridge 022,SC,SC-R03,S68,Class I Highway,Prestressed concrete box girder,PSC,302.0,23.7,18,2011,15,Highway-I,Expressway Maintenance Co.,30.681188,105.555672,3,62.2,Medium
BR0023,Qinling Bridge 023,SC,SC-R03,S68,Class I Highway,Simply supported T-beam,RC/PSC,120.5,32.1,2,1994,32,Highway-I,County Road Office,30.440814,104.246986,3,74.4,Medium
BR0024,Jialing Bridge 024,SC,SC-R06,G15,Class I Highway,Cable-stayed bridge,Steel/PSC,1100.4,15.6,22,2019,7,Highway-I,Expressway Maintenance Co.,32.2511,101.980003,2,85.6,Low
BR0025,Nanhu Bridge 025,SC,SC-R02,S68,Expressway,Small slab bridge,RC,10.6,12.2,1,2017,9,Highway-I,County Road Office,31.690088,102.05331,2,77.2,Low
BR0026,Qingxi Bridge 026,SN,SN-R02,G92,Class II Highway,Continuous rigid-frame,PSC,539.4,10.4,17,2022,4,Highway-II,Municipal Transport Bureau,35.732274,110.097379,2,80.0,Low
BR0027,Jialing Bridge 027,SN,SN-R10,S59,Class II Highway,Prestressed concrete box girder,PSC,137.5,10.7,5,2009,17,Highway-II,Provincial Highway Centre,35.601262,110.269455,1,98.2,Low
BR0028,Qingxi Bridge 028,SC,SC-R04,S51,Expressway,Continuous rigid-frame,PSC,633.2,8.3,15,1996,30,Highway-I,County Road Office,29.90097,104.357982,3,65.7,Medium
BR0029,Weihe Bridge 029,SC,SC-R03,S68,Class I Highway,Arch bridge,RC/Masonry,85.7,24.4,3,2015,11,Highway-I,County Road Office,32.934004,101.908862,2,80.0,Low
BR0030,Hanjiang Bridge 030,SC,SC-R04,S51,Expressway,Steel-concrete composite girder,Steel-Concrete,54.2,16.4,2,1996,30,Highway-I,Provincial Highway Centre,29.627696,103.161972,3,70.6,Medium
BR0031,Jialing Bridge 031,SN,SN-R05,X15,Class II Highway,Prestressed concrete box girder,PSC,309.0,11.8,10,1988,38,Highway-II,Expressway Maintenance Co.,32.214647,110.986416,3,64.6,Medium
BR0032,Qingxi Bridge 032,SN,SN-R03,G89,Expressway,Small slab bridge,RC,21.8,15.8,1,2022,4,Highway-I,Expressway Maintenance Co.,33.652792,107.596782,3,61.4,Medium
BR0033,Jialing Bridge 033,HB,HB-R02,G39,Expressway,Simply supported T-beam,RC/PSC,498.1,10.3,19,1992,34,Highway-I,Expressway Maintenance Co.,30.578077,113.402357,3,71.3,Medium
BR0034,Dongshan Bridge 034,SC,SC-R03,S68,Class I Highway,Simply supported T-beam,RC/PSC,63.3,8.8,1,2014,12,Highway-I,Expressway Maintenance Co.,32.498696,106.278318,1,92.1,Low
BR0035,Jialing Bridge 035,HB,HB-R08,S21,Expressway,Prestressed concrete box girder,PSC,27.0,32.3,1,2017,9,Highway-I,Municipal Transport Bureau,31.308732,113.196121,2,83.5,Low
BR0036,Longhe Bridge 036,SN,SN-R01,S21,Class II Highway,Prestressed concrete box girder,PSC,232.8,8.6,7,2007,19,Highway-II,Expressway Maintenance Co.,32.236882,110.125161,3,73.5,Medium
BR0037,Dongshan Bridge 037,SC,SC-R03,S68,Class I Highway,Simply supported T-beam,RC/PSC,101.6,10.8,1,1998,28,Highway-I,Expressway Maintenance Co.,31.993377,105.740732,4,48.3,High
BR0038,Minjiang Bridge 038,SN,SN-R07,S78,Expressway,Simply supported T-beam,RC/PSC,72.5,31.8,2,1999,27,Highway-I,Municipal Transport Bureau,31.848443,108.790125,2,76.8,Low
BR0039,Jialing Bridge 039,HB,HB-R06,X12,Expressway,Arch bridge,RC/Masonry,206.8,15.9,5,2006,20,Highway-I,Expressway Maintenance Co.,28.305059,114.276605,3,69.4,Medium
BR0040,Qingxi Bridge 040,SN,SN-R01,S21,Class II Highway,Small slab bridge,RC,28.9,8.6,1,2010,16,Highway-II,County Road Office,35.673576,110.306495,2,81.4,Low
BR0041,Weihe Bridge 041,SC,SC-R08,X97,Expressway,Simply supported T-beam,RC/PSC,86.7,16.2,4,1996,30,Highway-I,County Road Office,29.403854,101.464942,4,54.7,High
BR0042,Qinling Bridge 042,SC,SC-R03,S68,Class I Highway,Continuous rigid-frame,PSC,577.5,15.6,9,1993,33,Highway-I,County Road Office,29.280296,102.740734,4,54.1,High
BR0043,Nanhu Bridge 043,SC,SC-R09,G61,Class I Highway,Steel-concrete composite girder,Steel-Concrete,93.6,12.0,3,2017,9,Highway-I,Provincial Highway Centre,33.077884,105.922521,1,95.2,Low
BR0044,Nanhu Bridge 044,HB,HB-R08,S21,Expressway,Continuous rigid-frame,PSC,402.1,10.4,16,1992,34,Highway-I,Expressway Maintenance Co.,29.742071,114.010527,3,66.3,Medium
BR0045,Qinling Bridge 045,SC,SC-R04,S51,Expressway,Continuous rigid-frame,PSC,411.6,32.0,13,2015,11,Highway-I,County Road Office,31.36305,102.963692,2,85.2,Low
BR0046,Jialing Bridge 046,HB,HB-R04,G39,Expressway,Simply supported T-beam,RC/PSC,31.4,10.4,1,2020,6,Highway-I,Municipal Transport Bureau,32.242687,111.852228,2,83.9,Low
BR0047,Nanhu Bridge 047,SN,SN-R09,X87,Expressway,Prestressed concrete box girder,PSC,91.7,16.0,5,2017,9,Highway-I,Expressway Maintenance Co.,33.941911,111.24182,1,98.7,Low
BR0048,Nanhu Bridge 048,HB,HB-R12,G77,Class II Highway,Simply supported T-beam,RC/PSC,172.4,16.4,8,2015,11,Highway-II,Provincial Highway Centre,32.073762,114.829935,3,74.0,Medium
BR0049,Weihe Bridge 049,HB,HB-R01,G72,Class II Highway,Simply supported T-beam,RC/PSC,81.0,10.3,2,2003,23,Highway-II,Provincial Highway Centre,30.448008,112.118746,3,67.9,Medium
BR0050,Jialing Bridge 050,SN,SN-R06,S29,Class III Highway,Simply supported T-beam,RC/PSC,36.7,31.6,1,2000,26,Highway-II,Municipal Transport Bureau,36.300749,110.294059,3,71.2,Medium
BR0051,Minjiang Bridge 051,SC,SC-R12,G61,Expressway,Prestressed concrete box girder,PSC,41.3,8.6,2,2017,9,Highway-I,Provincial Highway Centre,29.485673,103.589279,3,70.8,Medium
BR0052,Dongshan Bridge 052,SN,SN-R07,S78,Expressway,Continuous rigid-frame,PSC,365.8,12.1,14,2002,24,Highway-I,Expressway Maintenance Co.,33.237657,107.766657,3,69.0,Medium
BR0053,Qinling Bridge 053,SN,SN-R11,S97,Class I Highway,Simply supported T-beam,RC/PSC,23.3,8.7,1,2018,8,Highway-I,Expressway Maintenance Co.,36.530915,108.418087,3,67.6,Medium
BR0054,Qinling Bridge 054,HB,HB-R05,S99,Class I Highway,Prestressed concrete box girder,PSC,84.7,10.3,1,2003,23,Highway-I,Provincial Highway Centre,29.430232,112.252097,2,89.6,Low
BR0055,Weihe Bridge 055,SC,SC-R02,S68,Expressway,Prestressed concrete box girder,PSC,59.9,8.9,1,2012,14,Highway-I,Municipal Transport Bureau,31.430196,103.740777,1,95.9,Low
BR0056,Minjiang Bridge 056,SN,SN-R02,G92,Class II Highway,Steel-concrete composite girder,Steel-Concrete,70.4,15.9,3,2011,15,Highway-II,Expressway Maintenance Co.,34.812855,109.437884,1,97.6,Low
BR0057,Dongshan Bridge 057,SC,SC-R06,G15,Class I Highway,Simply supported T-beam,RC/PSC,56.7,24.2,3,2020,6,Highway-I,Provincial Highway Centre,28.432524,105.244633,2,89.4,Low
BR0058,Minjiang Bridge 058,SC,SC-R08,X97,Expressway,Steel-concrete composite girder,Steel-Concrete,164.3,24.3,3,2008,18,Highway-I,Provincial Highway Centre,31.47864,102.096457,2,77.8,Low
BR0059,Minjiang Bridge 059,SN,SN-R01,S21,Class II Highway,Continuous rigid-frame,PSC,593.0,11.7,11,2018,8,Highway-II,Municipal Transport Bureau,33.13109,110.189494,1,92.5,Low
BR0060,Dongshan Bridge 060,HB,HB-R07,X39,Class II Highway,Prestressed concrete box girder,PSC,51.4,10.8,1,1994,32,Highway-II,County Road Office,29.183251,112.906064,3,72.3,Medium
BR0061,Jialing Bridge 061,SC,SC-R09,G61,Class I Highway,Continuous rigid-frame,PSC,374.4,11.7,6,1999,27,Highway-I,Municipal Transport Bureau,33.004175,103.775298,5,25.1,High
BR0062,Nanhu Bridge 062,SN,SN-R05,X15,Class II Highway,Simply supported T-beam,RC/PSC,56.3,23.7,1,1994,32,Highway-II,Provincial Highway Centre,33.360842,110.643521,2,78.2,Low
BR0063,Minjiang Bridge 063,HB,HB-R10,S87,Expressway,Continuous rigid-frame,PSC,186.9,10.5,3,2010,16,Highway-I,Expressway Maintenance Co.,32.424472,114.285434,3,74.1,Medium
BR0064,Longhe Bridge 064,HB,HB-R06,X12,Expressway,Steel-concrete composite girder,Steel-Concrete,91.7,15.9,1,1993,33,Highway-I,County Road Office,32.973039,110.943973,3,67.9,Medium
BR0065,Weihe Bridge 065,SN,SN-R04,G39,Class I Highway,Steel-concrete composite girder,Steel-Concrete,110.9,10.4,3,2012,14,Highway-I,County Road Office,34.825705,110.597093,2,88.7,Low
BR0066,Weihe Bridge 066,SC,SC-R10,X80,Expressway,Small slab bridge,RC,58.7,12.4,1,1991,35,Highway-I,Provincial Highway Centre,32.999478,105.807461,4,56.0,High
BR0067,Qinling Bridge 067,SC,SC-R09,G61,Class I Highway,Simply supported T-beam,RC/PSC,32.2,12.3,1,1999,27,Highway-I,County Road Office,31.080126,105.252879,2,76.7,Low
BR0068,Qingxi Bridge 068,HB,HB-R07,X39,Class II Highway,Simply supported T-beam,RC/PSC,55.6,24.4,3,2007,19,Highway-II,Municipal Transport Bureau,29.253574,112.090852,1,97.4,Low
BR0069,Nanhu Bridge 069,SC,SC-R12,G61,Expressway,Prestressed concrete box girder,PSC,107.0,10.1,3,2001,25,Highway-I,County Road Office,32.406791,104.74725,3,74.4,Medium
BR0070,Nanhu Bridge 070,HB,HB-R11,S61,Expressway,Simply supported T-beam,RC/PSC,75.7,12.1,1,2006,20,Highway-I,Expressway Maintenance Co.,32.872704,110.993642,2,81.4,Low
BR0071,Jialing Bridge 071,SN,SN-R09,X87,Expressway,Prestressed concrete box girder,PSC,38.9,10.4,1,2017,9,Highway-I,County Road Office,32.648521,108.21742,2,86.1,Low
BR0072,Weihe Bridge 072,HB,HB-R05,S99,Class I Highway,Continuous rigid-frame,PSC,485.4,15.9,9,2003,23,Highway-I,Expressway Maintenance Co.,28.868384,110.18791,2,78.3,Low
BR0073,Jialing Bridge 073,SN,SN-R08,G28,Class II Highway,Simply supported T-beam,RC/PSC,132.0,11.7,8,2000,26,Highway-II,Municipal Transport Bureau,33.388004,111.549875,3,72.0,Medium
BR0074,Dongshan Bridge 074,SN,SN-R09,X87,Expressway,Prestressed concrete box girder,PSC,125.9,12.2,6,2010,16,Highway-I,Municipal Transport Bureau,35.767997,108.026689,1,98.8,Low
BR0075,Longhe Bridge 075,HB,HB-R11,S61,Expressway,Simply supported T-beam,RC/PSC,69.8,31.8,1,2022,4,Highway-I,Expressway Maintenance Co.,28.055395,111.254418,1,93.0,Low
BR0076,Minjiang Bridge 076,SC,SC-R12,G61,Expressway,Prestressed concrete box girder,PSC,34.5,10.7,1,2016,10,Highway-I,Provincial Highway Centre,30.610833,104.715515,2,87.6,Low
BR0077,Weihe Bridge 077,SC,SC-R03,S68,Class I Highway,Simply supported T-beam,RC/PSC,115.0,16.1,7,1995,31,Highway-I,Provincial Highway Centre,32.917238,104.482283,3,70.9,Medium
BR0078,Dongshan Bridge 078,HB,HB-R04,G39,Expressway,Arch bridge,RC/Masonry,357.0,12.2,17,1996,30,Highway-I,Provincial Highway Centre,30.07089,110.942988,2,78.7,Low
BR0079,Minjiang Bridge 079,SC,SC-R07,X96,Expressway,Simply supported T-beam,RC/PSC,96.1,12.1,6,2018,8,Highway-I,Provincial Highway Centre,29.341582,106.069622,1,95.1,Low
BR0080,Qingxi Bridge 080,SN,SN-R03,G89,Expressway,Small slab bridge,RC,30.2,11.9,1,2003,23,Highway-I,Provincial Highway Centre,32.206241,111.354027,1,93.0,Low
BR0081,Longhe Bridge 081,HB,HB-R01,G72,Class II Highway,Steel-concrete composite girder,Steel-Concrete,52.9,15.8,2,2017,9,Highway-II,County Road Office,32.015947,112.169991,2,83.8,Low
BR0082,Qingxi Bridge 082,SN,SN-R02,G92,Class II Highway,Simply supported T-beam,RC/PSC,130.1,8.2,6,1991,35,Highway-II,Expressway Maintenance Co.,31.809684,109.848926,2,77.8,Low
BR0083,Minjiang Bridge 083,SC,SC-R07,X96,Expressway,Simply supported T-beam,RC/PSC,85.9,10.4,2,2008,18,Highway-I,Provincial Highway Centre,30.611839,102.001103,1,97.9,Low
BR0084,Jialing Bridge 084,SN,SN-R05,X15,Class II Highway,Small slab bridge,RC,38.4,8.6,2,2011,15,Highway-II,Expressway Maintenance Co.,31.992445,107.553399,2,88.5,Low
BR0085,Dongshan Bridge 085,SC,SC-R10,X80,Expressway,Prestressed concrete box girder,PSC,146.2,15.8,5,2013,13,Highway-I,Expressway Maintenance Co.,32.997781,101.611662,2,88.4,Low
BR0086,Dongshan Bridge 086,HB,HB-R05,S99,Class I Highway,Steel-concrete composite girder,Steel-Concrete,38.3,10.2,1,1991,35,Highway-I,Municipal Transport Bureau,32.862774,110.910418,3,68.3,Medium
BR0087,Minjiang Bridge 087,SN,SN-R10,S59,Class II Highway,Steel-concrete composite girder,Steel-Concrete,40.9,23.9,2,2015,11,Highway-II,Provincial Highway Centre,36.500028,106.129625,2,84.3,Low
BR0088,Dongshan Bridge 088,SC,SC-R06,G15,Class I Highway,Prestressed concrete box girder,PSC,338.5,10.2,5,2016,10,Highway-I,Expressway Maintenance Co.,32.350436,104.363763,3,72.1,Medium
BR0089,Dongshan Bridge 089,HB,HB-R03,S82,Class I Highway,Arch bridge,RC/Masonry,103.0,8.4,2,1994,32,Highway-I,Provincial Highway Centre,32.175542,114.575598,3,67.4,Medium
BR0090,Dongshan Bridge 090,SC,SC-R06,G15,Class I Highway,Simply supported T-beam,RC/PSC,38.3,8.8,1,2016,10,Highway-I,Expressway Maintenance Co.,29.144031,103.784955,2,89.6,Low
BR0091,Hanjiang Bridge 091,SN,SN-R01,S21,Class II Highway,Simply supported T-beam,RC/PSC,66.4,24.1,4,2000,26,Highway-II,Provincial Highway Centre,35.389958,106.443584,2,84.5,Low
BR0092,Longhe Bridge 092,HB,HB-R11,S61,Expressway,Prestressed concrete box girder,PSC,85.5,24.0,1,1997,29,Highway-I,Expressway Maintenance Co.,28.309257,111.556168,1,96.2,Low
BR0093,Weihe Bridge 093,HB,HB-R02,G39,Expressway,Simply supported T-beam,RC/PSC,91.6,24.3,1,2010,16,Highway-I,Municipal Transport Bureau,30.078654,114.309955,3,62.0,Medium
BR0094,Weihe Bridge 094,HB,HB-R10,S87,Expressway,Small slab bridge,RC,48.1,8.6,1,2004,22,Highway-I,County Road Office,32.983043,114.347111,3,63.9,Medium
BR0095,Hanjiang Bridge 095,SC,SC-R07,X96,Expressway,Steel-concrete composite girder,Steel-Concrete,66.5,15.8,3,2012,14,Highway-I,Provincial Highway Centre,30.502492,102.989984,4,42.1,High
BR0096,Minjiang Bridge 096,SN,SN-R07,S78,Expressway,Steel-concrete composite girder,Steel-Concrete,248.0,32.0,4,2018,8,Highway-I,Provincial Highway Centre,34.905879,106.344732,3,63.3,Medium
BR0097,Hanjiang Bridge 097,SC,SC-R03,S68,Class I Highway,Prestressed concrete box girder,PSC,21.1,16.1,1,2011,15,Highway-I,County Road Office,31.078273,106.364843,2,88.3,Low
BR0098,Hanjiang Bridge 098,SC,SC-R12,G61,Expressway,Continuous rigid-frame,PSC,428.2,10.7,7,2010,16,Highway-I,Provincial Highway Centre,30.040878,101.722916,3,64.9,Medium
BR0099,Jialing Bridge 099,HB,HB-R03,S82,Class I Highway,Steel-concrete composite girder,Steel-Concrete,67.0,10.1,2,1992,34,Highway-I,County Road Office,32.046335,114.697735,3,73.6,Medium
BR0100,Longhe Bridge 100,SN,SN-R11,S97,Class I Highway,Arch bridge,RC/Masonry,142.3,12.0,8,1997,29,Highway-I,Municipal Transport Bureau,34.38997,108.279702,3,64.9,Medium
BR0101,Minjiang Bridge 101,SC,SC-R06,G15,Class I Highway,Prestressed concrete box girder,PSC,71.7,24.4,1,1998,28,Highway-I,County Road Office,30.5058,106.777551,3,65.3,Medium
BR0102,Hanjiang Bridge 102,SN,SN-R08,G28,Class II Highway,Cable-stayed bridge,Steel/PSC,1193.4,32.2,29,2008,18,Highway-II,Municipal Transport Bureau,31.96876,107.266,2,82.0,Low
BR0103,Qinling Bridge 103,HB,HB-R10,S87,Expressway,Simply supported T-beam,RC/PSC,90.9,12.3,3,1994,32,Highway-I,Expressway Maintenance Co.,31.906177,112.823885,4,53.7,High
BR0104,Weihe Bridge 104,SC,SC-R08,X97,Expressway,Small slab bridge,RC,45.0,10.7,1,2022,4,Highway-I,County Road Office,29.080978,103.014404,2,88.1,Low
BR0105,Dongshan Bridge 105,SC,SC-R07,X96,Expressway,Prestressed concrete box girder,PSC,114.7,24.3,4,1993,33,Highway-I,County Road Office,32.427908,101.370274,2,77.2,Low
BR0106,Dongshan Bridge 106,HB,HB-R11,S61,Expressway,Simply supported T-beam,RC/PSC,21.4,10.4,1,1993,33,Highway-I,Expressway Maintenance Co.,31.237219,114.576245,4,57.5,High
BR0107,Dongshan Bridge 107,SN,SN-R12,S48,Expressway,Small slab bridge,RC,11.2,23.8,1,1996,30,Highway-I,Provincial Highway Centre,34.895698,107.710555,2,77.0,Low
BR0108,Nanhu Bridge 108,SC,SC-R03,S68,Class I Highway,Small slab bridge,RC,32.7,23.7,1,2001,25,Highway-I,Municipal Transport Bureau,28.855409,106.780983,4,47.1,High
BR0109,Weihe Bridge 109,SN,SN-R04,G39,Class I Highway,Steel-concrete composite girder,Steel-Concrete,53.6,16.2,3,2014,12,Highway-I,Expressway Maintenance Co.,36.487179,108.186054,1,94.5,Low
BR0110,Nanhu Bridge 110,HB,HB-R09,X48,Class II Highway,Continuous rigid-frame,PSC,229.5,8.5,11,2018,8,Highway-II,County Road Office,29.588099,111.102389,1,97.6,Low
BR0111,Qinling Bridge 111,HB,HB-R08,S21,Expressway,Arch bridge,RC/Masonry,344.5,10.6,6,1998,28,Highway-I,County Road Office,28.957578,111.107281,4,58.6,High
BR0112,Hanjiang Bridge 112,SC,SC-R11,G73,Class II Highway,Steel-concrete composite girder,Steel-Concrete,47.2,12.2,1,1990,36,Highway-II,Municipal Transport Bureau,32.973144,101.961037,4,52.4,High
BR0113,Dongshan Bridge 113,SC,SC-R03,S68,Class I Highway,Cable-stayed bridge,Steel/PSC,725.5,15.7,14,2005,21,Highway-I,Expressway Maintenance Co.,30.204304,104.4016,3,62.5,Medium
BR0114,Minjiang Bridge 114,HB,HB-R05,S99,Class I Highway,Continuous rigid-frame,PSC,571.1,32.2,28,2000,26,Highway-I,Municipal Transport Bureau,29.837608,112.284078,2,79.6,Low
BR0115,Weihe Bridge 115,SN,SN-R04,G39,Class I Highway,Prestressed concrete box girder,PSC,75.3,8.4,1,2016,10,Highway-I,Expressway Maintenance Co.,35.955468,106.535379,2,79.6,Low
BR0116,Nanhu Bridge 116,SC,SC-R08,X97,Expressway,Arch bridge,RC/Masonry,409.2,32.1,20,2009,17,Highway-I,Expressway Maintenance Co.,28.595534,103.019399,3,72.5,Medium
BR0117,Dongshan Bridge 117,HB,HB-R07,X39,Class II Highway,Simply supported T-beam,RC/PSC,156.6,32.1,6,1992,34,Highway-II,Provincial Highway Centre,28.610717,109.974556,4,53.1,High
BR0118,Nanhu Bridge 118,SN,SN-R04,G39,Class I Highway,Prestressed concrete box girder,PSC,46.6,8.4,1,2013,13,Highway-I,Municipal Transport Bureau,34.912788,111.582017,3,71.5,Medium
BR0119,Minjiang Bridge 119,SC,SC-R12,G61,Expressway,Small slab bridge,RC,16.7,12.4,1,2013,13,Highway-I,Municipal Transport Bureau,29.057102,102.758216,1,95.9,Low
BR0120,Nanhu Bridge 120,SN,SN-R03,G89,Expressway,Small slab bridge,RC,39.8,16.4,1,2001,25,Highway-I,County Road Office,33.974934,110.524386,3,66.9,Medium
BR0121,Minjiang Bridge 121,SC,SC-R12,G61,Expressway,Prestressed concrete box girder,PSC,80.0,10.4,1,1999,27,Highway-I,Provincial Highway Centre,30.251985,101.918899,3,70.3,Medium
BR0122,Jialing Bridge 122,SN,SN-R11,S97,Class I Highway,Continuous rigid-frame,PSC,223.4,10.3,8,1999,27,Highway-I,County Road Office,32.125253,110.993392,2,79.1,Low
BR0123,Minjiang Bridge 123,SC,SC-R10,X80,Expressway,Continuous rigid-frame,PSC,685.0,32.3,11,1994,32,Highway-I,Expressway Maintenance Co.,30.876092,105.2639,2,81.6,Low
BR0124,Jialing Bridge 124,HB,HB-R02,G39,Expressway,Small slab bridge,RC,53.7,32.0,1,2000,26,Highway-I,Provincial Highway Centre,31.287399,113.092721,4,55.2,High
BR0125,Jialing Bridge 125,SN,SN-R04,G39,Class I Highway,Arch bridge,RC/Masonry,329.0,11.9,6,1999,27,Highway-I,Provincial Highway Centre,34.626295,106.108634,1,93.4,Low
BR0126,Qingxi Bridge 126,SN,SN-R10,S59,Class II Highway,Prestressed concrete box girder,PSC,126.5,24.2,5,2015,11,Highway-II,County Road Office,35.845852,106.345163,3,62.5,Medium
BR0127,Qingxi Bridge 127,SN,SN-R01,S21,Class II Highway,Prestressed concrete box girder,PSC,70.8,8.5,1,1992,34,Highway-II,Expressway Maintenance Co.,36.338187,106.986418,2,76.0,Low
BR0128,Minjiang Bridge 128,SN,SN-R07,S78,Expressway,Simply supported T-beam,RC/PSC,126.0,32.0,7,2002,24,Highway-I,Provincial Highway Centre,32.032639,110.237322,3,64.7,Medium
BR0129,Minjiang Bridge 129,SN,SN-R07,S78,Expressway,Arch bridge,RC/Masonry,147.9,24.2,2,2010,16,Highway-I,County Road Office,35.435301,108.431329,3,63.3,Medium
BR0130,Qinling Bridge 130,SC,SC-R10,X80,Expressway,Small slab bridge,RC,37.4,12.3,1,1994,32,Highway-I,Provincial Highway Centre,29.806148,101.901362,3,62.8,Medium
BR0131,Minjiang Bridge 131,SC,SC-R06,G15,Class I Highway,Simply supported T-beam,RC/PSC,141.3,8.5,5,1996,30,Highway-I,County Road Office,31.935192,103.218139,4,49.6,High
BR0132,Jialing Bridge 132,HB,HB-R05,S99,Class I Highway,Steel-concrete composite girder,Steel-Concrete,318.6,12.0,7,2008,18,Highway-I,County Road Office,28.744272,114.697514,2,78.0,Low
BR0133,Dongshan Bridge 133,SC,SC-R02,S68,Expressway,Simply supported T-beam,RC/PSC,388.9,12.3,24,1998,28,Highway-I,Expressway Maintenance Co.,32.73985,102.417518,3,62.8,Medium
BR0134,Jialing Bridge 134,HB,HB-R12,G77,Class II Highway,Continuous rigid-frame,PSC,707.7,24.4,14,2020,6,Highway-II,Provincial Highway Centre,28.796246,114.202222,2,83.3,Low
BR0135,Hanjiang Bridge 135,SN,SN-R12,S48,Expressway,Steel-concrete composite girder,Steel-Concrete,37.1,15.9,1,2001,25,Highway-I,Provincial Highway Centre,35.455657,106.279592,2,87.6,Low
BR0136,Qinling Bridge 136,SN,SN-R02,G92,Class II Highway,Simply supported T-beam,RC/PSC,125.9,16.3,7,1996,30,Highway-II,Expressway Maintenance Co.,34.002709,108.937844,2,84.6,Low
BR0137,Weihe Bridge 137,SN,SN-R09,X87,Expressway,Arch bridge,RC/Masonry,355.2,11.9,8,2000,26,Highway-I,Expressway Maintenance Co.,31.924444,110.109688,3,71.0,Medium
BR0138,Minjiang Bridge 138,SN,SN-R03,G89,Expressway,Prestressed concrete box girder,PSC,56.9,10.9,2,2009,17,Highway-I,Municipal Transport Bureau,32.681069,111.699127,1,96.4,Low
BR0139,Dongshan Bridge 139,HB,HB-R10,S87,Expressway,Simply supported T-beam,RC/PSC,77.1,32.4,4,2003,23,Highway-I,Municipal Transport Bureau,29.418831,109.852298,2,83.7,Low
BR0140,Hanjiang Bridge 140,HB,HB-R08,S21,Expressway,Simply supported T-beam,RC/PSC,23.7,16.2,1,1988,38,Highway-I,County Road Office,31.577007,114.440786,3,73.6,Medium
BR0141,Qingxi Bridge 141,HB,HB-R12,G77,Class II Highway,Continuous rigid-frame,PSC,274.5,11.6,10,2013,13,Highway-II,Expressway Maintenance Co.,32.062663,113.835683,2,86.8,Low
BR0142,Jialing Bridge 142,SC,SC-R06,G15,Class I Highway,Simply supported T-beam,RC/PSC,119.6,15.8,4,1991,35,Highway-I,Expressway Maintenance Co.,32.248238,106.323604,3,68.3,Medium
BR0143,Dongshan Bridge 143,SC,SC-R07,X96,Expressway,Prestressed concrete box girder,PSC,101.8,24.1,6,1995,31,Highway-I,Municipal Transport Bureau,31.649166,106.248103,2,83.1,Low
BR0144,Jialing Bridge 144,SN,SN-R02,G92,Class II Highway,Steel-concrete composite girder,Steel-Concrete,79.0,8.1,1,1998,28,Highway-II,Expressway Maintenance Co.,35.354778,108.359778,2,80.8,Low
BR0145,Nanhu Bridge 145,HB,HB-R10,S87,Expressway,Simply supported T-beam,RC/PSC,71.0,8.9,1,1988,38,Highway-I,Expressway Maintenance Co.,29.772967,114.006053,3,69.9,Medium
BR0146,Minjiang Bridge 146,HB,HB-R10,S87,Expressway,Continuous rigid-frame,PSC,585.6,10.5,11,1990,36,Highway-I,Municipal Transport Bureau,30.77514,113.476655,3,65.2,Medium
BR0147,Nanhu Bridge 147,SN,SN-R06,S29,Class III Highway,Simply supported T-beam,RC/PSC,72.3,11.8,4,2007,19,Highway-II,County Road Office,33.652136,106.379978,2,86.5,Low
BR0148,Hanjiang Bridge 148,SC,SC-R10,X80,Expressway,Simply supported T-beam,RC/PSC,313.7,32.4,15,1999,27,Highway-I,County Road Office,28.906369,103.060688,3,71.1,Medium
BR0149,Weihe Bridge 149,SN,SN-R02,G92,Class II Highway,Arch bridge,RC/Masonry,410.9,32.2,25,1988,38,Highway-II,Provincial Highway Centre,32.554046,107.675552,2,82.4,Low
BR0150,Hanjiang Bridge 150,SC,SC-R04,S51,Expressway,Prestressed concrete box girder,PSC,71.0,32.0,1,2005,21,Highway-I,County Road Office,31.802529,106.842064,3,66.8,Medium
BR0151,Weihe Bridge 151,HB,HB-R10,S87,Expressway,Continuous rigid-frame,PSC,413.6,24.3,16,2021,5,Highway-I,Expressway Maintenance Co.,32.961937,109.637961,2,80.1,Low
BR0152,Dongshan Bridge 152,HB,HB-R06,X12,Expressway,Continuous rigid-frame,PSC,637.7,23.6,10,1989,37,Highway-I,Expressway Maintenance Co.,30.05302,109.605673,5,26.9,High
BR0153,Nanhu Bridge 153,SC,SC-R11,G73,Class II Highway,Prestressed concrete box girder,PSC,115.3,31.8,2,1989,37,Highway-II,County Road Office,29.411883,101.676538,3,74.5,Medium
BR0154,Weihe Bridge 154,HB,HB-R09,X48,Class II Highway,Arch bridge,RC/Masonry,116.7,10.5,2,1988,38,Highway-II,Provincial Highway Centre,31.219407,110.361353,4,52.8,High
BR0155,Minjiang Bridge 155,HB,HB-R11,S61,Expressway,Prestressed concrete box girder,PSC,38.8,32.3,2,2021,5,Highway-I,Provincial Highway Centre,28.456045,113.44895,1,95.4,Low
BR0156,Minjiang Bridge 156,SC,SC-R04,S51,Expressway,Simply supported T-beam,RC/PSC,39.0,31.6,1,2017,9,Highway-I,Expressway Maintenance Co.,30.759714,101.676017,2,80.7,Low
BR0157,Longhe Bridge 157,SC,SC-R10,X80,Expressway,Continuous rigid-frame,PSC,530.6,23.8,13,2013,13,Highway-I,Provincial Highway Centre,28.477029,101.828478,2,76.9,Low
BR0158,Hanjiang Bridge 158,SN,SN-R11,S97,Class I Highway,Continuous rigid-frame,PSC,388.6,15.8,15,1992,34,Highway-I,County Road Office,33.703134,108.063179,4,49.9,High
BR0159,Dongshan Bridge 159,HB,HB-R05,S99,Class I Highway,Simply supported T-beam,RC/PSC,458.0,32.1,11,1992,34,Highway-I,County Road Office,32.910296,113.04256,3,62.8,Medium
BR0160,Nanhu Bridge 160,SC,SC-R10,X80,Expressway,Continuous rigid-frame,PSC,746.5,8.9,46,2008,18,Highway-I,Expressway Maintenance Co.,30.756311,104.234557,2,84.2,Low
BR0161,Jialing Bridge 161,SC,SC-R02,S68,Expressway,Small slab bridge,RC,19.5,8.7,1,2017,9,Highway-I,Expressway Maintenance Co.,28.139717,102.098409,1,97.6,Low
BR0162,Weihe Bridge 162,HB,HB-R06,X12,Expressway,Simply supported T-beam,RC/PSC,46.1,31.8,2,1999,27,Highway-I,County Road Office,31.314503,112.401509,3,72.8,Medium
BR0163,Weihe Bridge 163,HB,HB-R10,S87,Expressway,Simply supported T-beam,RC/PSC,197.6,24.1,3,2018,8,Highway-I,County Road Office,32.457163,114.048889,2,84.0,Low
BR0164,Minjiang Bridge 164,SN,SN-R01,S21,Class II Highway,Continuous rigid-frame,PSC,401.4,23.6,13,2014,12,Highway-II,County Road Office,32.21663,108.068314,2,88.9,Low
BR0165,Dongshan Bridge 165,HB,HB-R11,S61,Expressway,Continuous rigid-frame,PSC,495.8,23.8,24,2016,10,Highway-I,Provincial Highway Centre,29.356572,110.690792,2,88.1,Low
BR0166,Dongshan Bridge 166,SN,SN-R10,S59,Class II Highway,Arch bridge,RC/Masonry,278.4,24.0,6,2002,24,Highway-II,Expressway Maintenance Co.,36.448758,106.856694,3,71.5,Medium
BR0167,Nanhu Bridge 167,SC,SC-R11,G73,Class II Highway,Prestressed concrete box girder,PSC,74.4,24.0,2,1988,38,Highway-II,County Road Office,30.245163,105.843552,3,62.9,Medium
BR0168,Qingxi Bridge 168,HB,HB-R03,S82,Class I Highway,Steel-concrete composite girder,Steel-Concrete,56.0,8.9,2,2006,20,Highway-I,Municipal Transport Bureau,28.076712,113.217596,2,79.0,Low
BR0169,Jialing Bridge 169,SN,SN-R06,S29,Class III Highway,Prestressed concrete box girder,PSC,147.5,15.9,2,2014,12,Highway-II,Municipal Transport Bureau,33.070515,110.953443,2,87.2,Low
BR0170,Longhe Bridge 170,SC,SC-R05,S66,Class II Highway,Arch bridge,RC/Masonry,75.4,12.2,2,1988,38,Highway-II,Municipal Transport Bureau,29.843629,101.327753,2,84.5,Low
BR0171,Jialing Bridge 171,SN,SN-R02,G92,Class II Highway,Small slab bridge,RC,52.4,8.6,1,2013,13,Highway-II,Municipal Transport Bureau,35.452557,109.068138,2,77.4,Low
BR0172,Minjiang Bridge 172,SC,SC-R03,S68,Class I Highway,Continuous rigid-frame,PSC,427.4,12.0,7,2021,5,Highway-I,Provincial Highway Centre,32.32854,106.234649,2,86.6,Low
BR0173,Nanhu Bridge 173,SN,SN-R11,S97,Class I Highway,Continuous rigid-frame,PSC,476.4,16.3,15,2012,14,Highway-I,County Road Office,36.337576,110.346379,2,81.1,Low
BR0174,Nanhu Bridge 174,SN,SN-R02,G92,Class II Highway,Simply supported T-beam,RC/PSC,82.9,16.3,3,2022,4,Highway-II,Provincial Highway Centre,32.531586,110.702981,1,95.2,Low
BR0175,Qinling Bridge 175,SC,SC-R03,S68,Class I Highway,Prestressed concrete box girder,PSC,38.0,24.0,1,2007,19,Highway-I,Expressway Maintenance Co.,30.165375,105.324264,4,58.4,High
BR0176,Qingxi Bridge 176,SN,SN-R07,S78,Expressway,Steel-concrete composite girder,Steel-Concrete,26.7,15.7,1,2004,22,Highway-I,Expressway Maintenance Co.,34.662336,111.014864,2,80.3,Low
BR0177,Minjiang Bridge 177,HB,HB-R02,G39,Expressway,Prestressed concrete box girder,PSC,132.3,31.6,8,2004,22,Highway-I,County Road Office,30.288079,112.879844,3,74.2,Medium
BR0178,Longhe Bridge 178,SC,SC-R04,S51,Expressway,Continuous rigid-frame,PSC,395.0,24.2,6,2001,25,Highway-I,County Road Office,30.593806,105.379975,2,86.6,Low
BR0179,Qinling Bridge 179,SN,SN-R10,S59,Class II Highway,Steel-concrete composite girder,Steel-Concrete,143.2,24.3,3,1993,33,Highway-II,Provincial Highway Centre,32.783298,106.233105,2,76.1,Low
BR0180,Nanhu Bridge 180,SC,SC-R05,S66,Class II Highway,Prestressed concrete box girder,PSC,44.8,32.4,1,1999,27,Highway-II,Expressway Maintenance Co.,32.028573,101.668162,3,68.2,Medium
BR0181,Nanhu Bridge 181,SN,SN-R09,X87,Expressway,Continuous rigid-frame,PSC,278.2,24.3,5,2004,22,Highway-I,Provincial Highway Centre,35.419789,106.754961,2,82.0,Low
BR0182,Jialing Bridge 182,SC,SC-R08,X97,Expressway,Simply supported T-beam,RC/PSC,40.9,32.1,2,2002,24,Highway-I,Municipal Transport Bureau,32.088177,105.668171,2,77.3,Low
BR0183,Jialing Bridge 183,SN,SN-R10,S59,Class II Highway,Steel-concrete composite girder,Steel-Concrete,27.4,24.3,1,1999,27,Highway-II,Municipal Transport Bureau,35.743846,109.202653,2,81.5,Low
BR0184,Longhe Bridge 184,SN,SN-R09,X87,Expressway,Simply supported T-beam,RC/PSC,43.1,23.7,1,1999,27,Highway-I,County Road Office,35.733343,110.613874,2,77.8,Low
BR0185,Jialing Bridge 185,HB,HB-R12,G77,Class II Highway,Small slab bridge,RC,36.7,8.1,1,1996,30,Highway-II,Municipal Transport Bureau,32.253401,110.17293,4,43.9,High
BR0186,Dongshan Bridge 186,HB,HB-R06,X12,Expressway,Prestressed concrete box girder,PSC,72.3,8.8,1,1999,27,Highway-I,Expressway Maintenance Co.,29.594818,112.847855,2,77.3,Low
BR0187,Minjiang Bridge 187,HB,HB-R11,S61,Expressway,Continuous rigid-frame,PSC,545.5,11.9,27,1997,29,Highway-I,County Road Office,29.969016,111.275753,3,73.9,Medium
BR0188,Qinling Bridge 188,SN,SN-R02,G92,Class II Highway,Simply supported T-beam,RC/PSC,87.4,8.8,4,1993,33,Highway-II,County Road Office,35.687638,108.245413,4,53.8,High
BR0189,Weihe Bridge 189,SC,SC-R10,X80,Expressway,Simply supported T-beam,RC/PSC,38.0,11.7,1,2002,24,Highway-I,County Road Office,30.001653,102.375351,1,98.0,Low
BR0190,Longhe Bridge 190,SN,SN-R02,G92,Class II Highway,Prestressed concrete box girder,PSC,59.6,31.7,1,2008,18,Highway-II,County Road Office,35.080741,106.254082,2,84.5,Low
BR0191,Minjiang Bridge 191,SN,SN-R06,S29,Class III Highway,Arch bridge,RC/Masonry,284.7,10.9,7,2012,14,Highway-II,Expressway Maintenance Co.,34.135239,111.672908,2,89.4,Low
BR0192,Nanhu Bridge 192,SN,SN-R02,G92,Class II Highway,Prestressed concrete box girder,PSC,598.3,23.8,19,2011,15,Highway-II,Expressway Maintenance Co.,36.720641,109.828133,2,86.2,Low
BR0193,Qingxi Bridge 193,SN,SN-R05,X15,Class II Highway,Simply supported T-beam,RC/PSC,126.9,12.0,4,2010,16,Highway-II,Expressway Maintenance Co.,34.642806,107.193874,2,84.8,Low
BR0194,Dongshan Bridge 194,HB,HB-R04,G39,Expressway,Prestressed concrete box girder,PSC,55.6,10.6,1,2017,9,Highway-I,Expressway Maintenance Co.,32.489765,114.680608,1,94.8,Low
BR0195,Nanhu Bridge 195,SC,SC-R06,G15,Class I Highway,Continuous rigid-frame,PSC,339.2,31.9,16,2003,23,Highway-I,Provincial Highway Centre,32.359885,103.010665,3,68.1,Medium
BR0196,Jialing Bridge 196,SC,SC-R06,G15,Class I Highway,Simply supported T-beam,RC/PSC,193.9,12.2,12,2014,12,Highway-I,County Road Office,30.785067,101.661282,1,92.1,Low
BR0197,Qinling Bridge 197,HB,HB-R08,S21,Expressway,Cable-stayed bridge,Steel/PSC,478.8,8.4,9,2010,16,Highway-I,Municipal Transport Bureau,29.061555,110.942364,2,88.6,Low
BR0198,Jialing Bridge 198,SN,SN-R07,S78,Expressway,Continuous rigid-frame,PSC,198.2,10.2,3,2017,9,Highway-I,Municipal Transport Bureau,32.572914,108.552547,2,76.7,Low
BR0199,Minjiang Bridge 199,SC,SC-R04,S51,Expressway,Small slab bridge,RC,19.9,11.9,1,2004,22,Highway-I,Expressway Maintenance Co.,31.740597,104.752986,2,77.1,Low
BR0200,Nanhu Bridge 200,HB,HB-R12,G77,Class II Highway,Prestressed concrete box girder,PSC,128.8,32.2,2,2020,6,Highway-II,County Road Office,31.323537,112.077078,2,86.8,Low
BR0201,Qinling Bridge 201,SN,SN-R10,S59,Class II Highway,Prestressed concrete box girder,PSC,211.9,31.9,7,2018,8,Highway-II,Provincial Highway Centre,35.285642,108.265582,2,80.1,Low
BR0202,Weihe Bridge 202,SN,SN-R07,S78,Expressway,Simply supported T-beam,RC/PSC,79.4,8.3,4,2016,10,Highway-I,County Road Office,33.385487,108.050738,2,84.8,Low
BR0203,Longhe Bridge 203,SC,SC-R11,G73,Class II Highway,Prestressed concrete box girder,PSC,170.5,8.3,2,1995,31,Highway-II,Expressway Maintenance Co.,28.85305,101.498187,4,54.9,High
BR0204,Longhe Bridge 204,HB,HB-R03,S82,Class I Highway,Continuous rigid-frame,PSC,527.5,11.6,8,1997,29,Highway-I,Provincial Highway Centre,29.193871,114.558714,2,89.9,Low
BR0205,Qingxi Bridge 205,HB,HB-R02,G39,Expressway,Cable-stayed bridge,Steel/PSC,914.3,10.6,36,2004,22,Highway-I,Expressway Maintenance Co.,32.64427,113.452627,3,62.6,Medium
BR0206,Qinling Bridge 206,SN,SN-R02,G92,Class II Highway,Prestressed concrete box girder,PSC,112.2,10.3,7,2004,22,Highway-II,Provincial Highway Centre,34.545259,110.986678,2,77.4,Low
BR0207,Dongshan Bridge 207,SN,SN-R01,S21,Class II Highway,Continuous rigid-frame,PSC,407.1,31.9,20,2005,21,Highway-II,County Road Office,32.037261,108.434573,3,72.6,Medium
BR0208,Dongshan Bridge 208,SC,SC-R03,S68,Class I Highway,Simply supported T-beam,RC/PSC,53.6,15.9,1,1997,29,Highway-I,County Road Office,31.141051,104.874259,4,52.3,High
BR0209,Jialing Bridge 209,SC,SC-R02,S68,Expressway,Simply supported T-beam,RC/PSC,116.2,16.2,7,2003,23,Highway-I,Expressway Maintenance Co.,32.376158,103.047525,2,79.9,Low
BR0210,Nanhu Bridge 210,SN,SN-R01,S21,Class II Highway,Steel-concrete composite girder,Steel-Concrete,550.8,32.4,18,2009,17,Highway-II,Municipal Transport Bureau,34.883808,108.713371,2,85.7,Low
BR0211,Weihe Bridge 211,SC,SC-R02,S68,Expressway,Cable-stayed bridge,Steel/PSC,941.9,31.8,23,2014,12,Highway-I,Municipal Transport Bureau,31.259146,104.351026,2,80.1,Low
BR0212,Weihe Bridge 212,SC,SC-R03,S68,Class I Highway,Steel-concrete composite girder,Steel-Concrete,138.1,32.0,2,2007,19,Highway-I,Provincial Highway Centre,28.387353,103.447462,3,63.8,Medium
BR0213,Qinling Bridge 213,SN,SN-R10,S59,Class II Highway,Simply supported T-beam,RC/PSC,44.3,11.7,1,2004,22,Highway-II,Expressway Maintenance Co.,33.176609,107.420054,2,81.7,Low
BR0214,Qinling Bridge 214,HB,HB-R11,S61,Expressway,Small slab bridge,RC,53.1,11.7,3,1992,34,Highway-I,Expressway Maintenance Co.,32.388595,110.403204,2,79.8,Low
BR0215,Jialing Bridge 215,SN,SN-R09,X87,Expressway,Prestressed concrete box girder,PSC,234.2,8.3,11,2012,14,Highway-I,Municipal Transport Bureau,34.782602,107.449223,3,64.2,Medium
BR0216,Qinling Bridge 216,HB,HB-R04,G39,Expressway,Simply supported T-beam,RC/PSC,99.3,23.9,4,1997,29,Highway-I,Expressway Maintenance Co.,29.637391,110.515674,4,49.8,High
BR0217,Jialing Bridge 217,HB,HB-R12,G77,Class II Highway,Prestressed concrete box girder,PSC,228.3,15.6,14,2015,11,Highway-II,Municipal Transport Bureau,32.787849,111.038706,2,84.9,Low
BR0218,Weihe Bridge 218,SN,SN-R10,S59,Class II Highway,Prestressed concrete box girder,PSC,159.6,23.8,6,2016,10,Highway-II,County Road Office,36.197141,106.250164,2,89.4,Low
BR0219,Nanhu Bridge 219,HB,HB-R08,S21,Expressway,Continuous rigid-frame,PSC,221.5,15.7,4,1998,28,Highway-I,Expressway Maintenance Co.,29.023781,111.025647,3,68.4,Medium
BR0220,Qingxi Bridge 220,HB,HB-R05,S99,Class I Highway,Simply supported T-beam,RC/PSC,45.9,10.8,1,2003,23,Highway-I,Municipal Transport Bureau,30.845354,113.537786,2,85.7,Low
BR0221,Hanjiang Bridge 221,SC,SC-R04,S51,Expressway,Prestressed concrete box girder,PSC,73.1,11.7,1,2010,16,Highway-I,Provincial Highway Centre,30.099461,102.470417,2,82.7,Low
BR0222,Qingxi Bridge 222,SC,SC-R09,G61,Class I Highway,Prestressed concrete box girder,PSC,46.4,31.9,1,1997,29,Highway-I,County Road Office,31.24743,105.725906,3,67.2,Medium
BR0223,Minjiang Bridge 223,HB,HB-R03,S82,Class I Highway,Prestressed concrete box girder,PSC,44.6,32.3,1,1996,30,Highway-I,Provincial Highway Centre,31.758116,113.55317,3,66.1,Medium
BR0224,Minjiang Bridge 224,SC,SC-R03,S68,Class I Highway,Arch bridge,RC/Masonry,192.5,12.3,3,1989,37,Highway-I,Provincial Highway Centre,31.652438,101.454482,4,48.7,High
BR0225,Nanhu Bridge 225,SC,SC-R05,S66,Class II Highway,Small slab bridge,RC,38.6,15.7,1,2006,20,Highway-II,Provincial Highway Centre,30.836486,106.100246,2,76.5,Low
BR0226,Dongshan Bridge 226,HB,HB-R06,X12,Expressway,Simply supported T-beam,RC/PSC,102.5,8.8,6,1989,37,Highway-I,Expressway Maintenance Co.,30.676176,114.368753,4,50.3,High
BR0227,Dongshan Bridge 227,SC,SC-R07,X96,Expressway,Prestressed concrete box girder,PSC,73.1,15.9,2,1991,35,Highway-I,County Road Office,31.181795,101.329805,4,47.7,High
BR0228,Longhe Bridge 228,SC,SC-R04,S51,Expressway,Prestressed concrete box girder,PSC,56.5,8.7,2,2003,23,Highway-I,Expressway Maintenance Co.,32.363323,101.593286,2,76.5,Low
BR0229,Minjiang Bridge 229,SC,SC-R04,S51,Expressway,Cable-stayed bridge,Steel/PSC,725.7,11.8,14,2009,17,Highway-I,Expressway Maintenance Co.,32.600681,101.780447,1,94.8,Low
BR0230,Minjiang Bridge 230,HB,HB-R05,S99,Class I Highway,Small slab bridge,RC,26.9,12.4,1,2002,24,Highway-I,Municipal Transport Bureau,28.102602,110.141058,3,70.1,Medium
BR0231,Qingxi Bridge 231,SN,SN-R12,S48,Expressway,Prestressed concrete box girder,PSC,132.8,10.5,5,2010,16,Highway-I,County Road Office,35.644275,108.579157,2,88.8,Low
BR0232,Weihe Bridge 232,SN,SN-R12,S48,Expressway,Small slab bridge,RC,29.1,24.0,1,2020,6,Highway-I,Expressway Maintenance Co.,32.872611,108.177309,2,83.2,Low
BR0233,Hanjiang Bridge 233,SN,SN-R07,S78,Expressway,Small slab bridge,RC,47.5,24.2,1,2007,19,Highway-I,Expressway Maintenance Co.,34.949562,110.949627,2,79.7,Low
BR0234,Jialing Bridge 234,SN,SN-R02,G92,Class II Highway,Prestressed concrete box girder,PSC,53.6,32.2,1,2011,15,Highway-II,Municipal Transport Bureau,36.400856,110.484632,2,82.8,Low
BR0235,Weihe Bridge 235,SN,SN-R11,S97,Class I Highway,Simply supported T-beam,RC/PSC,131.2,8.8,8,1991,35,Highway-I,Municipal Transport Bureau,35.351881,106.188764,3,67.1,Medium
BR0236,Dongshan Bridge 236,SN,SN-R07,S78,Expressway,Simply supported T-beam,RC/PSC,75.2,24.0,3,1997,29,Highway-I,Municipal Transport Bureau,32.462446,109.152078,4,54.9,High
BR0237,Minjiang Bridge 237,HB,HB-R03,S82,Class I Highway,Prestressed concrete box girder,PSC,20.6,11.8,1,2007,19,Highway-I,Expressway Maintenance Co.,30.115853,113.396002,1,97.5,Low
BR0238,Qingxi Bridge 238,SN,SN-R05,X15,Class II Highway,Steel-concrete composite girder,Steel-Concrete,190.7,12.2,4,2009,17,Highway-II,County Road Office,34.884974,108.855114,1,95.6,Low
BR0239,Weihe Bridge 239,SN,SN-R02,G92,Class II Highway,Prestressed concrete box girder,PSC,67.8,10.2,2,2002,24,Highway-II,County Road Office,36.127539,107.758525,2,82.6,Low
BR0240,Minjiang Bridge 240,HB,HB-R01,G72,Class II Highway,Prestressed concrete box girder,PSC,60.1,23.7,2,2022,4,Highway-II,Expressway Maintenance Co.,28.067635,111.041388,2,86.0,Low
BR0241,Dongshan Bridge 241,HB,HB-R04,G39,Expressway,Steel-concrete composite girder,Steel-Concrete,24.1,24.3,1,1996,30,Highway-I,Municipal Transport Bureau,28.347678,111.619082,2,82.1,Low
BR0242,Minjiang Bridge 242,HB,HB-R05,S99,Class I Highway,Simply supported T-beam,RC/PSC,23.1,8.8,1,2002,24,Highway-I,County Road Office,28.362153,110.495323,1,96.6,Low
BR0243,Longhe Bridge 243,HB,HB-R01,G72,Class II Highway,Small slab bridge,RC,39.2,11.7,1,2003,23,Highway-II,County Road Office,31.698409,113.416786,1,97.2,Low
BR0244,Weihe Bridge 244,HB,HB-R02,G39,Expressway,Prestressed concrete box girder,PSC,31.8,12.0,1,2008,18,Highway-I,Provincial Highway Centre,31.39809,112.484006,2,79.8,Low
BR0245,Dongshan Bridge 245,SC,SC-R01,G90,Expressway,Small slab bridge,RC,20.7,8.6,1,2017,9,Highway-I,Provincial Highway Centre,30.287893,106.395645,2,88.5,Low
BR0246,Longhe Bridge 246,SC,SC-R04,S51,Expressway,Prestressed concrete box girder,PSC,99.8,23.9,1,2022,4,Highway-I,Expressway Maintenance Co.,30.647228,102.895385,2,84.2,Low
BR0247,Jialing Bridge 247,SN,SN-R01,S21,Class II Highway,Arch bridge,RC/Masonry,398.5,32.0,24,1998,28,Highway-II,Municipal Transport Bureau,33.932294,108.355261,3,67.9,Medium
BR0248,Hanjiang Bridge 248,SC,SC-R08,X97,Expressway,Simply supported T-beam,RC/PSC,198.2,23.7,9,2012,14,Highway-I,Municipal Transport Bureau,30.846627,105.548814,2,87.7,Low
BR0249,Qingxi Bridge 249,SC,SC-R02,S68,Expressway,Simply supported T-beam,RC/PSC,304.6,24.0,7,2016,10,Highway-I,County Road Office,29.63135,102.312234,2,86.8,Low
BR0250,Weihe Bridge 250,HB,HB-R06,X12,Expressway,Steel-concrete composite girder,Steel-Concrete,118.6,32.3,7,2010,16,Highway-I,Provincial Highway Centre,30.883883,112.066441,3,70.1,Medium
BR0251,Dongshan Bridge 251,HB,HB-R05,S99,Class I Highway,Continuous rigid-frame,PSC,231.2,15.7,11,1988,38,Highway-I,Expressway Maintenance Co.,28.455067,113.717364,3,65.5,Medium
BR0252,Longhe Bridge 252,HB,HB-R07,X39,Class II Highway,Prestressed concrete box girder,PSC,202.3,23.7,6,1988,38,Highway-II,Expressway Maintenance Co.,32.996494,111.294454,3,62.4,Medium
BR0253,Weihe Bridge 253,HB,HB-R11,S61,Expressway,Simply supported T-beam,RC/PSC,251.3,31.9,5,2016,10,Highway-I,Provincial Highway Centre,32.525554,113.500189,1,98.1,Low
BR0254,Longhe Bridge 254,HB,HB-R09,X48,Class II Highway,Cable-stayed bridge,Steel/PSC,582.5,8.2,9,2012,14,Highway-II,Provincial Highway Centre,28.167799,114.420451,1,97.7,Low
BR0255,Longhe Bridge 255,SN,SN-R05,X15,Class II Highway,Steel-concrete composite girder,Steel-Concrete,67.5,32.0,3,1988,38,Highway-II,Expressway Maintenance Co.,33.566845,110.163781,2,85.7,Low
BR0256,Jialing Bridge 256,HB,HB-R05,S99,Class I Highway,Continuous rigid-frame,PSC,226.6,8.4,3,2018,8,Highway-I,Provincial Highway Centre,30.426632,114.022079,2,78.2,Low
BR0257,Longhe Bridge 257,SC,SC-R01,G90,Expressway,Prestressed concrete box girder,PSC,600.2,10.2,37,1991,35,Highway-I,County Road Office,31.382953,104.203533,2,88.0,Low
BR0258,Minjiang Bridge 258,SC,SC-R08,X97,Expressway,Prestressed concrete box girder,PSC,21.0,16.3,1,2005,21,Highway-I,Municipal Transport Bureau,31.340084,104.613012,2,87.6,Low
BR0259,Qinling Bridge 259,SN,SN-R05,X15,Class II Highway,Continuous rigid-frame,PSC,375.4,8.9,23,1988,38,Highway-II,County Road Office,32.139663,111.234398,2,81.0,Low
BR0260,Minjiang Bridge 260,SN,SN-R02,G92,Class II Highway,Small slab bridge,RC,59.3,31.8,2,2007,19,Highway-II,Provincial Highway Centre,34.156852,106.104951,2,82.5,Low
BR0261,Jialing Bridge 261,SN,SN-R07,S78,Expressway,Prestressed concrete box girder,PSC,31.4,31.7,1,2000,26,Highway-I,Expressway Maintenance Co.,35.06863,107.416125,3,70.7,Medium
BR0262,Qingxi Bridge 262,HB,HB-R04,G39,Expressway,Continuous rigid-frame,PSC,728.3,11.7,36,1998,28,Highway-I,Expressway Maintenance Co.,29.692071,112.818035,3,68.0,Medium
BR0263,Qinling Bridge 263,SN,SN-R08,G28,Class II Highway,Prestressed concrete box girder,PSC,41.2,15.6,2,2006,20,Highway-II,County Road Office,32.27672,110.804506,2,85.7,Low
BR0264,Minjiang Bridge 264,SN,SN-R07,S78,Expressway,Arch bridge,RC/Masonry,224.1,32.0,3,1988,38,Highway-I,Municipal Transport Bureau,34.681178,108.139679,4,54.2,High
BR0265,Nanhu Bridge 265,SN,SN-R06,S29,Class III Highway,Prestressed concrete box girder,PSC,47.7,8.2,1,2019,7,Highway-II,County Road Office,36.045975,108.080522,1,95.6,Low
BR0266,Jialing Bridge 266,SN,SN-R02,G92,Class II Highway,Prestressed concrete box girder,PSC,55.6,8.1,2,1998,28,Highway-II,County Road Office,34.706602,111.303081,3,63.2,Medium
BR0267,Longhe Bridge 267,SC,SC-R11,G73,Class II Highway,Simply supported T-beam,RC/PSC,49.8,12.1,1,2011,15,Highway-II,County Road Office,29.045972,104.950848,2,77.2,Low
BR0268,Qinling Bridge 268,HB,HB-R03,S82,Class I Highway,Simply supported T-beam,RC/PSC,146.2,10.6,3,1990,36,Highway-I,County Road Office,31.815793,114.818185,1,93.7,Low
BR0269,Dongshan Bridge 269,SC,SC-R05,S66,Class II Highway,Prestressed concrete box girder,PSC,111.8,15.7,2,1992,34,Highway-II,County Road Office,28.134488,104.085868,4,51.6,High
BR0270,Jialing Bridge 270,HB,HB-R12,G77,Class II Highway,Simply supported T-beam,RC/PSC,87.4,12.2,5,2007,19,Highway-II,Municipal Transport Bureau,29.764059,112.206555,2,82.4,Low
BR0271,Longhe Bridge 271,HB,HB-R07,X39,Class II Highway,Steel-concrete composite girder,Steel-Concrete,192.4,12.4,4,1992,34,Highway-II,Expressway Maintenance Co.,32.013801,111.815327,2,82.0,Low
BR0272,Minjiang Bridge 272,HB,HB-R04,G39,Expressway,Prestressed concrete box girder,PSC,68.3,11.9,2,2000,26,Highway-I,Provincial Highway Centre,29.602415,112.477091,3,63.9,Medium
BR0273,Jialing Bridge 273,SN,SN-R08,G28,Class II Highway,Continuous rigid-frame,PSC,634.6,10.6,12,2019,7,Highway-II,Expressway Maintenance Co.,35.893014,110.591076,4,54.5,High
BR0274,Weihe Bridge 274,SN,SN-R07,S78,Expressway,Continuous rigid-frame,PSC,722.6,23.9,14,1988,38,Highway-I,County Road Office,33.382571,111.339932,5,17.3,High
BR0275,Qinling Bridge 275,HB,HB-R09,X48,Class II Highway,Simply supported T-beam,RC/PSC,285.5,10.5,4,2019,7,Highway-II,County Road Office,31.615889,113.798717,2,85.5,Low
BR0276,Hanjiang Bridge 276,SN,SN-R07,S78,Expressway,Continuous rigid-frame,PSC,243.1,16.2,12,1992,34,Highway-I,Expressway Maintenance Co.,32.5754,106.105669,2,83.6,Low
BR0277,Dongshan Bridge 277,HB,HB-R06,X12,Expressway,Small slab bridge,RC,58.3,10.8,1,1991,35,Highway-I,Expressway Maintenance Co.,31.942964,111.209811,4,43.9,High
BR0278,Longhe Bridge 278,SC,SC-R03,S68,Class I Highway,Arch bridge,RC/Masonry,68.4,15.8,1,2000,26,Highway-I,Municipal Transport Bureau,31.649862,103.539702,2,80.9,Low
BR0279,Nanhu Bridge 279,SC,SC-R02,S68,Expressway,Simply supported T-beam,RC/PSC,39.2,12.3,2,2002,24,Highway-I,County Road Office,30.156762,106.127306,2,78.2,Low
BR0280,Qingxi Bridge 280,HB,HB-R04,G39,Expressway,Prestressed concrete box girder,PSC,59.2,16.3,1,2010,16,Highway-I,Provincial Highway Centre,30.113349,113.754857,3,69.7,Medium
BR0281,Longhe Bridge 281,SC,SC-R03,S68,Class I Highway,Simply supported T-beam,RC/PSC,87.6,24.1,2,2020,6,Highway-I,Municipal Transport Bureau,32.821301,106.016459,2,89.9,Low
BR0282,Nanhu Bridge 282,SC,SC-R04,S51,Expressway,Continuous rigid-frame,PSC,227.5,24.3,11,1988,38,Highway-I,Provincial Highway Centre,33.076498,105.669247,3,72.5,Medium
BR0283,Dongshan Bridge 283,HB,HB-R04,G39,Expressway,Prestressed concrete box girder,PSC,337.2,31.9,11,2011,15,Highway-I,Municipal Transport Bureau,31.51776,111.53482,1,96.6,Low
BR0284,Jialing Bridge 284,SN,SN-R02,G92,Class II Highway,Prestressed concrete box girder,PSC,71.5,8.3,1,2007,19,Highway-II,County Road Office,36.192349,111.180933,2,82.2,Low
BR0285,Weihe Bridge 285,SC,SC-R06,G15,Class I Highway,Small slab bridge,RC,56.3,31.9,1,2019,7,Highway-I,Expressway Maintenance Co.,29.647616,102.195228,2,86.9,Low
BR0286,Jialing Bridge 286,SC,SC-R01,G90,Expressway,Arch bridge,RC/Masonry,284.3,31.9,14,2019,7,Highway-I,County Road Office,32.279611,103.815739,2,87.3,Low
BR0287,Jialing Bridge 287,HB,HB-R03,S82,Class I Highway,Prestressed concrete box girder,PSC,47.5,10.3,1,1994,32,Highway-I,Provincial Highway Centre,28.811546,110.709056,3,66.2,Medium
BR0288,Longhe Bridge 288,SN,SN-R03,G89,Expressway,Arch bridge,RC/Masonry,253.3,10.4,12,1993,33,Highway-I,Municipal Transport Bureau,32.124072,106.173866,2,80.1,Low
BR0289,Qingxi Bridge 289,HB,HB-R03,S82,Class I Highway,Steel-concrete composite girder,Steel-Concrete,101.0,16.4,2,2018,8,Highway-I,County Road Office,31.884442,109.724379,2,81.5,Low
BR0290,Hanjiang Bridge 290,HB,HB-R01,G72,Class II Highway,Simply supported T-beam,RC/PSC,129.0,8.6,3,2014,12,Highway-II,Expressway Maintenance Co.,32.993478,114.861215,2,87.1,Low
BR0291,Qinling Bridge 291,SN,SN-R04,G39,Class I Highway,Prestressed concrete box girder,PSC,54.7,24.1,2,2003,23,Highway-I,Expressway Maintenance Co.,32.771184,110.250567,3,63.9,Medium
BR0292,Nanhu Bridge 292,SN,SN-R05,X15,Class II Highway,Prestressed concrete box girder,PSC,121.5,10.5,7,2012,14,Highway-II,Expressway Maintenance Co.,34.438974,106.5979,1,98.9,Low
BR0293,Weihe Bridge 293,SC,SC-R10,X80,Expressway,Prestressed concrete box girder,PSC,10.7,10.5,1,2008,18,Highway-I,Expressway Maintenance Co.,28.853193,103.791035,3,70.3,Medium
BR0294,Dongshan Bridge 294,HB,HB-R08,S21,Expressway,Simply supported T-beam,RC/PSC,54.1,10.7,1,2005,21,Highway-I,County Road Office,31.497111,114.697846,2,76.2,Low
BR0295,Qingxi Bridge 295,SN,SN-R11,S97,Class I Highway,Simply supported T-beam,RC/PSC,160.1,8.1,8,2022,4,Highway-I,Provincial Highway Centre,34.220741,106.131544,2,76.2,Low
BR0296,Minjiang Bridge 296,SN,SN-R08,G28,Class II Highway,Prestressed concrete box girder,PSC,115.4,23.6,2,2010,16,Highway-II,Provincial Highway Centre,32.848932,111.098133,2,79.4,Low
BR0297,Longhe Bridge 297,HB,HB-R06,X12,Expressway,Prestressed concrete box girder,PSC,119.8,24.0,5,2017,9,Highway-I,Expressway Maintenance Co.,31.974145,111.027731,2,89.8,Low
BR0298,Jialing Bridge 298,SC,SC-R05,S66,Class II Highway,Simply supported T-beam,RC/PSC,33.8,16.4,1,2005,21,Highway-II,County Road Office,32.946043,106.384039,1,95.6,Low
BR0299,Qingxi Bridge 299,SN,SN-R05,X15,Class II Highway,Cable-stayed bridge,Steel/PSC,700.4,12.1,28,2006,20,Highway-II,Municipal Transport Bureau,34.677161,107.868615,2,87.2,Low
BR0300,Qingxi Bridge 300,SC,SC-R12,G61,Expressway,Prestressed concrete box girder,PSC,156.7,15.6,5,2001,25,Highway-I,Expressway Maintenance Co.,29.61833,105.85655,3,66.2,Medium
BR0301,Minjiang Bridge 301,SC,SC-R09,G61,Class I Highway,Continuous rigid-frame,PSC,181.9,11.8,7,2011,15,Highway-I,Municipal Transport Bureau,29.719262,105.934871,2,81.2,Low
BR0302,Jialing Bridge 302,SC,SC-R03,S68,Class I Highway,Arch bridge,RC/Masonry,98.5,16.2,1,2020,6,Highway-I,County Road Office,28.47127,105.785351,3,73.8,Medium
BR0303,Dongshan Bridge 303,SC,SC-R04,S51,Expressway,Arch bridge,RC/Masonry,197.9,8.6,9,2007,19,Highway-I,County Road Office,31.158443,104.707742,4,57.3,High
BR0304,Qingxi Bridge 304,SN,SN-R05,X15,Class II Highway,Steel-concrete composite girder,Steel-Concrete,52.3,11.8,1,2005,21,Highway-II,Expressway Maintenance Co.,33.228267,111.51299,3,72.4,Medium
BR0305,Nanhu Bridge 305,HB,HB-R08,S21,Expressway,Steel-concrete composite girder,Steel-Concrete,8.6,10.5,1,2013,13,Highway-I,Municipal Transport Bureau,28.627115,111.247387,1,98.5,Low
BR0306,Weihe Bridge 306,SN,SN-R09,X87,Expressway,Prestressed concrete box girder,PSC,67.1,10.7,1,2009,17,Highway-I,County Road Office,32.62429,108.964143,2,83.6,Low
BR0307,Qingxi Bridge 307,SN,SN-R06,S29,Class III Highway,Prestressed concrete box girder,PSC,114.5,10.3,3,2010,16,Highway-II,County Road Office,34.952541,110.53821,2,78.5,Low
BR0308,Weihe Bridge 308,SN,SN-R06,S29,Class III Highway,Simply supported T-beam,RC/PSC,431.8,23.9,21,2000,26,Highway-II,County Road Office,33.321048,111.644183,3,70.6,Medium
BR0309,Jialing Bridge 309,HB,HB-R11,S61,Expressway,Prestressed concrete box girder,PSC,46.8,8.3,2,2012,14,Highway-I,County Road Office,32.537116,114.615162,1,92.3,Low
BR0310,Nanhu Bridge 310,SC,SC-R05,S66,Class II Highway,Simply supported T-beam,RC/PSC,61.1,15.6,1,1999,27,Highway-II,Municipal Transport Bureau,28.238461,105.616896,3,66.3,Medium
BR0311,Jialing Bridge 311,SC,SC-R02,S68,Expressway,Prestressed concrete box girder,PSC,33.1,23.8,2,2001,25,Highway-I,County Road Office,31.249133,102.016638,2,76.4,Low
BR0312,Longhe Bridge 312,HB,HB-R10,S87,Expressway,Simply supported T-beam,RC/PSC,28.3,16.2,1,2014,12,Highway-I,Municipal Transport Bureau,29.807517,112.26985,2,87.6,Low
BR0313,Minjiang Bridge 313,SN,SN-R12,S48,Expressway,Simply supported T-beam,RC/PSC,98.2,8.6,3,1996,30,Highway-I,Provincial Highway Centre,33.656455,108.346482,3,62.2,Medium
BR0314,Jialing Bridge 314,SC,SC-R07,X96,Expressway,Cable-stayed bridge,Steel/PSC,710.0,8.7,35,2020,6,Highway-I,Expressway Maintenance Co.,30.222728,104.14323,3,66.9,Medium
BR0315,Jialing Bridge 315,SC,SC-R09,G61,Class I Highway,Continuous rigid-frame,PSC,347.8,12.0,17,2014,12,Highway-I,Expressway Maintenance Co.,28.126033,105.470515,3,72.5,Medium
BR0316,Weihe Bridge 316,SN,SN-R06,S29,Class III Highway,Continuous rigid-frame,PSC,641.8,12.1,25,2022,4,Highway-II,Municipal Transport Bureau,33.610376,106.995686,2,83.0,Low
BR0317,Longhe Bridge 317,SN,SN-R07,S78,Expressway,Prestressed concrete box girder,PSC,204.7,10.2,5,2003,23,Highway-I,Provincial Highway Centre,35.711549,109.304831,2,79.9,Low
BR0318,Longhe Bridge 318,HB,HB-R07,X39,Class II Highway,Steel-concrete composite girder,Steel-Concrete,86.0,8.5,1,2021,5,Highway-II,County Road Office,30.227865,114.616824,1,93.5,Low
BR0319,Qinling Bridge 319,SN,SN-R10,S59,Class II Highway,Small slab bridge,RC,27.7,23.9,1,2007,19,Highway-II,Municipal Transport Bureau,33.831031,108.06401,2,85.9,Low
BR0320,Minjiang Bridge 320,SN,SN-R09,X87,Expressway,Small slab bridge,RC,9.5,16.4,1,2020,6,Highway-I,Provincial Highway Centre,36.789885,107.776326,1,96.2,Low
BR0321,Minjiang Bridge 321,HB,HB-R11,S61,Expressway,Prestressed concrete box girder,PSC,75.2,15.9,3,2013,13,Highway-I,Provincial Highway Centre,32.878295,111.444667,1,97.7,Low
BR0322,Hanjiang Bridge 322,SN,SN-R06,S29,Class III Highway,Continuous rigid-frame,PSC,650.0,15.8,21,2013,13,Highway-II,Municipal Transport Bureau,34.87976,109.878705,2,89.2,Low
BR0323,Qinling Bridge 323,SN,SN-R05,X15,Class II Highway,Continuous rigid-frame,PSC,181.8,12.0,4,2004,22,Highway-II,Municipal Transport Bureau,36.683629,106.63753,3,71.7,Medium
BR0324,Jialing Bridge 324,SN,SN-R07,S78,Expressway,Prestressed concrete box girder,PSC,113.4,12.3,3,2014,12,Highway-I,Municipal Transport Bureau,35.548477,111.538224,3,70.0,Medium
BR0325,Weihe Bridge 325,SC,SC-R06,G15,Class I Highway,Steel-concrete composite girder,Steel-Concrete,109.9,16.4,1,2017,9,Highway-I,Expressway Maintenance Co.,31.387049,102.379769,2,78.1,Low
BR0326,Minjiang Bridge 326,SN,SN-R03,G89,Expressway,Small slab bridge,RC,24.2,12.0,1,2021,5,Highway-I,Provincial Highway Centre,36.647056,110.212041,2,81.8,Low
BR0327,Dongshan Bridge 327,SC,SC-R02,S68,Expressway,Small slab bridge,RC,40.4,31.6,1,1996,30,Highway-I,County Road Office,33.046974,104.310435,4,53.2,High
BR0328,Hanjiang Bridge 328,SC,SC-R03,S68,Class I Highway,Arch bridge,RC/Masonry,315.2,31.8,6,2005,21,Highway-I,Expressway Maintenance Co.,29.307488,101.619953,3,67.2,Medium
BR0329,Minjiang Bridge 329,SC,SC-R08,X97,Expressway,Arch bridge,RC/Masonry,182.3,23.7,11,2012,14,Highway-I,Municipal Transport Bureau,29.119561,105.048731,2,84.9,Low
BR0330,Longhe Bridge 330,SN,SN-R07,S78,Expressway,Simply supported T-beam,RC/PSC,55.6,15.6,1,2010,16,Highway-I,Expressway Maintenance Co.,36.749392,108.774686,4,42.1,High
BR0331,Hanjiang Bridge 331,SC,SC-R05,S66,Class II Highway,Simply supported T-beam,RC/PSC,68.2,12.2,3,2004,22,Highway-II,Municipal Transport Bureau,29.807034,104.310631,2,86.1,Low
BR0332,Jialing Bridge 332,SC,SC-R03,S68,Class I Highway,Prestressed concrete box girder,PSC,94.7,15.7,1,2013,13,Highway-I,Municipal Transport Bureau,30.628326,105.357152,2,77.7,Low
BR0333,Longhe Bridge 333,SN,SN-R06,S29,Class III Highway,Arch bridge,RC/Masonry,116.8,10.5,1,2016,10,Highway-II,Municipal Transport Bureau,32.978146,106.633659,2,78.1,Low
BR0334,Hanjiang Bridge 334,SC,SC-R12,G61,Expressway,Continuous rigid-frame,PSC,729.0,12.3,14,1995,31,Highway-I,Municipal Transport Bureau,29.148775,104.266526,4,44.8,High
BR0335,Dongshan Bridge 335,SC,SC-R09,G61,Class I Highway,Steel-concrete composite girder,Steel-Concrete,34.3,8.4,1,1991,35,Highway-I,Expressway Maintenance Co.,30.728411,106.504991,4,49.8,High
BR0336,Qingxi Bridge 336,HB,HB-R11,S61,Expressway,Small slab bridge,RC,16.6,11.7,1,1993,33,Highway-I,Provincial Highway Centre,28.608259,113.519409,3,69.2,Medium
BR0337,Qingxi Bridge 337,HB,HB-R11,S61,Expressway,Arch bridge,RC/Masonry,77.0,31.7,1,2006,20,Highway-I,Expressway Maintenance Co.,31.603385,114.555167,2,78.3,Low
BR0338,Weihe Bridge 338,SN,SN-R07,S78,Expressway,Continuous rigid-frame,PSC,660.0,23.7,16,1993,33,Highway-I,Provincial Highway Centre,33.402611,109.073507,2,84.4,Low
BR0339,Qingxi Bridge 339,SC,SC-R06,G15,Class I Highway,Simply supported T-beam,RC/PSC,19.2,15.6,1,1999,27,Highway-I,Provincial Highway Centre,31.211993,105.875999,1,96.6,Low
BR0340,Dongshan Bridge 340,SC,SC-R11,G73,Class II Highway,Simply supported T-beam,RC/PSC,181.2,32.4,4,1992,34,Highway-II,Expressway Maintenance Co.,29.552289,103.959446,3,63.3,Medium
BR0341,Qingxi Bridge 341,SC,SC-R06,G15,Class I Highway,Simply supported T-beam,RC/PSC,89.8,12.1,1,1996,30,Highway-I,County Road Office,32.260143,106.598874,4,54.1,High
BR0342,Hanjiang Bridge 342,HB,HB-R01,G72,Class II Highway,Steel-concrete composite girder,Steel-Concrete,351.5,32.1,14,2011,15,Highway-II,County Road Office,29.424166,114.503662,3,71.1,Medium
BR0343,Hanjiang Bridge 343,HB,HB-R04,G39,Expressway,Small slab bridge,RC,8.6,32.1,1,2019,7,Highway-I,County Road Office,28.000746,114.390934,2,85.7,Low
BR0344,Qingxi Bridge 344,HB,HB-R03,S82,Class I Highway,Cable-stayed bridge,Steel/PSC,1309.9,16.1,65,2016,10,Highway-I,Municipal Transport Bureau,31.978715,111.352795,2,88.6,Low
BR0345,Qingxi Bridge 345,HB,HB-R08,S21,Expressway,Simply supported T-beam,RC/PSC,62.0,12.0,2,1995,31,Highway-I,Provincial Highway Centre,29.406186,114.454332,3,62.5,Medium
BR0346,Jialing Bridge 346,SC,SC-R02,S68,Expressway,Prestressed concrete box girder,PSC,91.3,10.4,3,2019,7,Highway-I,County Road Office,28.824214,102.129693,2,77.5,Low
BR0347,Qinling Bridge 347,SC,SC-R09,G61,Class I Highway,Simply supported T-beam,RC/PSC,97.2,15.8,3,1998,28,Highway-I,Expressway Maintenance Co.,31.138376,105.747353,3,70.9,Medium
BR0348,Qingxi Bridge 348,SN,SN-R09,X87,Expressway,Prestressed concrete box girder,PSC,25.3,15.7,1,2016,10,Highway-I,Provincial Highway Centre,32.788353,106.250722,2,79.8,Low
BR0349,Hanjiang Bridge 349,SN,SN-R09,X87,Expressway,Small slab bridge,RC,45.7,8.6,1,1999,27,Highway-I,Municipal Transport Bureau,32.989139,107.255689,2,79.9,Low
BR0350,Longhe Bridge 350,HB,HB-R01,G72,Class II Highway,Simply supported T-beam,RC/PSC,19.6,10.7,1,2012,14,Highway-II,Expressway Maintenance Co.,31.590726,112.174916,2,83.8,Low
BR0351,Hanjiang Bridge 351,HB,HB-R02,G39,Expressway,Continuous rigid-frame,PSC,573.2,8.7,14,1989,37,Highway-I,County Road Office,29.822248,109.6394,4,46.9,High
BR0352,Jialing Bridge 352,HB,HB-R01,G72,Class II Highway,Small slab bridge,RC,59.9,8.4,1,2011,15,Highway-II,Expressway Maintenance Co.,28.670075,111.68982,3,73.8,Medium
BR0353,Jialing Bridge 353,HB,HB-R08,S21,Expressway,Continuous rigid-frame,PSC,632.1,32.4,39,1996,30,Highway-I,Expressway Maintenance Co.,29.657688,111.705163,3,74.1,Medium
BR0354,Dongshan Bridge 354,SN,SN-R04,G39,Class I Highway,Simply supported T-beam,RC/PSC,95.9,15.8,4,2010,16,Highway-I,Expressway Maintenance Co.,35.830571,111.426989,2,85.1,Low
BR0355,Dongshan Bridge 355,HB,HB-R12,G77,Class II Highway,Simply supported T-beam,RC/PSC,60.8,32.1,1,2007,19,Highway-II,Expressway Maintenance Co.,32.765339,110.270185,2,78.0,Low
BR0356,Qingxi Bridge 356,SN,SN-R11,S97,Class I Highway,Prestressed concrete box girder,PSC,307.1,24.3,5,1999,27,Highway-I,Municipal Transport Bureau,34.676329,109.019012,3,63.7,Medium
BR0357,Qinling Bridge 357,SC,SC-R07,X96,Expressway,Prestressed concrete box girder,PSC,25.1,31.6,1,2004,22,Highway-I,Municipal Transport Bureau,29.838464,105.439858,2,81.4,Low
BR0358,Nanhu Bridge 358,SN,SN-R01,S21,Class II Highway,Steel-concrete composite girder,Steel-Concrete,115.0,10.1,7,1997,29,Highway-II,Expressway Maintenance Co.,33.802504,108.589296,3,66.6,Medium
BR0359,Hanjiang Bridge 359,HB,HB-R11,S61,Expressway,Simply supported T-beam,RC/PSC,79.0,8.4,3,1994,32,Highway-I,Expressway Maintenance Co.,32.53337,114.255908,2,85.6,Low
BR0360,Minjiang Bridge 360,HB,HB-R05,S99,Class I Highway,Steel-concrete composite girder,Steel-Concrete,157.9,10.6,3,1992,34,Highway-I,Expressway Maintenance Co.,30.047615,110.665125,3,64.4,Medium
